{"cameraMode":{"drawMode":0,"name":"Shaded","section":"Shading Mode"},"sceneLighting":false,"audioPlay":false,"sceneViewState":{"showFog":true,"showMaterialUpdate":true,"showSkybox":true,"showFlares":true,"showImageEffects":true,"showParticleSystems":true},"in2DMode":false,"pivot":{"x":516.3121337890625,"y":234.97198486328126,"z":225.61660766601563},"rotation":{"x":-0.4710681140422821,"y":-0.4422664940357208,"z":0.29618391394615176,"w":-0.7034022808074951},"size":223.78659057617188,"orthographic":false}