{"cameraMode":{"drawMode":0,"name":"Shaded","section":"Shading Mode"},"sceneLighting":false,"audioPlay":false,"sceneViewState":{"showFog":true,"showMaterialUpdate":true,"showSkybox":true,"showFlares":true,"showImageEffects":true,"showParticleSystems":true},"in2DMode":false,"pivot":{"x":17.857101440429689,"y":0.9758889675140381,"z":185.05636596679688},"rotation":{"x":0.10163227468729019,"y":-0.8905313611030579,"z":0.24538221955299378,"w":0.3695417046546936},"size":9.327534675598145,"orthographic":true}