{"cameraMode":{"drawMode":0,"name":"Shaded","section":"Shading Mode"},"sceneLighting":false,"audioPlay":true,"sceneViewState":{"showFog":true,"showMaterialUpdate":true,"showSkybox":true,"showFlares":true,"showImageEffects":true,"showParticleSystems":true},"in2DMode":false,"pivot":{"x":63.0755500793457,"y":24.5394287109375,"z":-182.3445281982422},"rotation":{"x":-0.22447706758975984,"y":-0.02979930117726326,"z":0.006861072964966297,"w":-0.9740517735481262},"size":107.76509094238281,"orthographic":true}