{"cameraMode":{"drawMode":0,"name":"Shaded","section":"Shading Mode"},"sceneLighting":false,"audioPlay":false,"sceneViewState":{"showFog":true,"showMaterialUpdate":true,"showSkybox":true,"showFlares":true,"showImageEffects":true,"showParticleSystems":true},"in2DMode":false,"pivot":{"x":144.76559448242188,"y":-67.59579467773438,"z":137.76553344726563},"rotation":{"x":0.36851054430007937,"y":0.6140749454498291,"z":-0.3917841613292694,"w":0.5775960087776184},"size":965.3917236328125,"orthographic":false}