{"cameraMode":{"drawMode":0,"name":"Shaded","section":"Shading Mode"},"sceneLighting":false,"audioPlay":false,"sceneViewState":{"showFog":true,"showMaterialUpdate":true,"showSkybox":true,"showFlares":true,"showImageEffects":true,"showParticleSystems":true},"in2DMode":false,"pivot":{"x":268.0302429199219,"y":26.537673950195314,"z":-62.617034912109378},"rotation":{"x":0.20836181938648225,"y":-0.7522197961807251,"z":0.5584214925765991,"w":0.28160610795021059},"size":219.697021484375,"orthographic":true}